"id","session","grp","match_id","id_unique","name","time_start","time_ready","period_time","started","round","age","gender","major","education","country_origin","ethnic","native","religion","nb_rounds","grp_size","session_size","duration","min_duration","max_duration","ready","endowment","crate","crate_sp","sufee","scroll","refresh_time","v","k","r","earnings_game","q1","q2","q3","order_slider","nb_pay_social","nb_slider","social_pay_own","social_pay_other","nb_pay_risk","risk","risk_pay","nb_comp","comp_1","comp_2","comp_3","comp_4","comp_5","comp_6","correct_comp","B5","final_pay"
"2267","23","1","1","150.128.49.2","c25","1581419096",NULL,"30","100","7","18","0","Derecho","4","203","2","41","4","6","100","100","118,149,323,66,239,84","60","360",NULL,"800","220","50","5","4","2","10","80","3","1570.8","Unirme a una conexión con muchas conexiones","La misma que la mía, en general, ya que veía a muchos únicamente conectados a una persona","Un experimento bastante complicado y difícil de seguir una estrategia con la que obtoner un beneficio muy grande.","5,3,2,4,1","2","6","14.8","100.8","3","0,0,0,0,1","2","5","6","6","1","5","5","9","4","3,2,1,4,3,1,2,3,3,2","14.9"
"2262","23","1","2","150.128.49.2","c20","1581419088",NULL,"30","100","7","18","1","ADE","4","203","4","0","8","6","100","100","118,149,323,66,239,84","60","360",NULL,"800","220","50","5","8","2","10","80","3","1011.3","al principio no sabia como manejarlo, pero luego ya entendi que es mas beneficioso estar conectado a una sola persona que ya esta conectada a mucha gente que conectarme yo misma a mucha gente.","yo creo que al darse cuenta, han ido haciendo lo mismo que yo",,"1,5,2,4,3","2","6","21.2","75.2","1","0,0,0,1,1","1.6","5","2","6","1","5","5","1","5","4,4,4,2,0,1,2,2,3,4","12.2"
"2253","23","1","3","147.156.150.25","l27","1581419068",NULL,"30","100","7","19","1","ECONOMÍA","4","203","0","41","4","6","100","100","118,149,323,66,239,84","60","360",NULL,"800","220","50","5","8","2","10","80","3","505.7","Me guiaba por las conexiones que había ofrecido y las que me ofrecían y el nivel de proximidad","Intentar lo antes posible seleccionar nodos que no tenían ningún tipo de conexión",,"4,5,3,1,2","2","6","34.4","22.4","5","0,0,0,1,1","3.85","5","2","6","0","5","4","1","3","3,3,2,1,4,3,2,1,3,1","12.2"
"2257","23","1","4","150.128.49.2","c42","1581419076",NULL,"30","100","7","21","1","Ingenieria de tecnologia industriales","4","203","0","41","3","6","100","100","118,149,323,66,239,84","60","360",NULL,"800","220","50","5","8","2","10","80","3","859.7","He intentado ir a por muchos px para ver si conseguia una gran puntuación pero no lo he conseguido porque siempre habia alguien que tenia mas conexiones, por lo que la otra estrategia seria conectarse solo a uno evitando tener gastos de conexion y asegurarte una puntuación positiva.","La mayoria se ha podido observar que han optado por lo seguro pero no demasiado eficiente que era conectarse solo a 1.",,"3,5,1,4,2","3","6","59.4","0.6","4","0,0,1,1,1","3.85","5","6","6","0","5","4","9","2","3,3,1,1,1,2,3,4,3,1","14.3"
"2275","23","1","5","150.128.49.2","c37","1581419112",NULL,"30","100","7","18","1",,"1","203","0","41","3","6","100","100","118,149,323,66,239,84","60","360",NULL,"800","220","50","5","9","2","10","80","3","1342.9","observar las relaciones de los otros participantes","saber que relaciones establecer",,"4,2,5,3,1","5","6","62.4","19.2","3","0,0,1,1,1","0.1","5","1","1","2","5","4","8","1","4,4,3,1,2,0,2,2,3,2","12.7"
"2240","23","1","6","147.156.150.45","l62","1581419051",NULL,"30","100","7","20","1",,"1","203","2","41","12","6","100","100","118,149,323,66,239,84","60","360",NULL,"800","220","50","5","4","2","10","80","3","2211","Conectar con quien tuviera más conecciones","Conectar con cualquiera",,"2,1,4,3,5","5","6","120","0","1","0,0,0,0,0","1.6","5","6","6","1","5","5","1","5","3,3,3,2,2,2,1,3,2,2","19.6"
"2269","23","1","7","147.156.150.54","l67","1581419098",NULL,"30","100","7","23","1","educación","4","203","0","41","1","6","100","100","118,149,323,66,239,84","60","360",NULL,"800","220","50","5","8","2","10","80","3","1426.5","elegir los círculos que se encontraban más cerca y descartar los triángulos","no lo sé, porque no he entendido muy bien el ejercicio",,"3,1,5,2,4","1","6","30.4","28.8","1","0,0,0,0,0","1.6","5","1","1","0","5","4","1","2","0,4,3,0,0,4,2,4,4,2","14"
"2268","23","1","8","150.128.49.2","c39","1581419097",NULL,"30","100","7","39","1","auxiliar enfermeria","4","43","2","41","4","6","100","100","118,149,323,66,239,84","60","360",NULL,"800","220","50","5","2","2","10","80","3","1228.1","unirme al mas proximo","la velocidad","falta fluidez en la explicacion","4,5,3,1,2","5","6","52.8","22.4","5","0,0,1,1,1","3.85","5","1","1","1","1","5","8","2","3,4,0,4,0,4,0,4,0,4","15.8"
"2210","23","1","9","147.156.150.43","l56","1581419003",NULL,"30","100","7","18","1",,"4","61","1","41","4","6","100","100","118,149,323,66,239,84","60","360",NULL,"800","220","50","5","5","2","10","80","3","1466.8","Crear lazos con los que lo proponían.","En general, la misma.",,"1,4,2,3,5","4","6","12.6","94.8","4","0,0,0,1,1","0.1","5","6","4","1","1","4","8","1","1,4,0,1,2,3,0,0,1,4","12.2"
"2241","23","1","10","147.156.150.18","l24","1581419051",NULL,"30","100","7","26","1","artistico","4","203","0","41","1","6","100","100","118,149,323,66,239,84","60","360",NULL,"800","220","50","5","3","2","10","80","3","1548.8","unirme al nodo que mas enlaces tuviese, y conseguir una tercera union con otro nodo que solo estuviese enlazado con una persona","unirse al mayor numero de nodos","no imprimir las instrucciones si van a ser leidas","4,5,2,3,1","5","6","30","30","3","0,0,1,1,1","0.1","5","3","4","5","3","5","8","1","1,4,2,1,0,4,0,4,3,4","12.9"
"2261","23","1","11","150.128.49.2","c41","1581419083",NULL,"30","100","7","18","1",,"4","203","0","41","3","6","100","100","118,149,323,66,239,84","60","360",NULL,"800","220","50","5","9","2","10","80","3","1476.1","Conectar con la persona que tenía mayor numero de puntos","Una parecida",,"4,1,3,5,2","3","6","50.4","9.6","4","0,0,0,0,0","2","5","6","6","1","5","5","1","5","3,4,3,4,3,3,2,3,3,3","15.4"
"2260","23","1","12","150.128.49.2","c21","1581419082",NULL,"30","100","7","55","1",,"5","203","0","41","0","6","100","100","118,149,323,66,239,84","60","360",NULL,"800","220","50","5","3","2","10","80","3","233.3","posición mía y de los otros. comprobar que los enlaces me eran beneficiosos","el centro y conexiones radiadas","sÍ per a quan que el català siga possible per a escollir-lo com a llengua? Gràcies","5,2,1,3,4","1","6","30.4","28.8","3","0,0,0,1,1","2","5","5","6","3","5","5","1","5","0,4,0,4,0,4,0,4,1,4","9.3"
"2203","23","1","13","147.156.150.39","l52","1581418985",NULL,"30","100","7","20","1","Medicina","4","203","0","41","1","6","100","100","118,149,323,66,239,84","60","360",NULL,"800","220","50","5","4","2","10","80","3","1585.5","Intentar conseguir puntos por mediación","Establecer el máximo posible de enlaces",,"2,5,4,3,1","5","6","120","0","5","0,0,0,1,1","3.85","5","5","6","1","6","4","1","4","3,4,4,1,1,3,1,4,2,4","19"
"2227","23","1","14","147.156.150.22","l34","1581419036",NULL,"30","100","7","18","1","Economia","4","203","0","41","4","6","100","100","118,149,323,66,239,84","60","360",NULL,"800","220","50","5","4","2","10","80","3","1417.6","Establecer enlaces entre aquellas personas que más puntos me daban, y si se reducían los puntos quitar los enlaces, he preferido no tener conexiones de mediación por tener más puntos","Unirse a todo el mundo posible para aumentar los puntos por conexiones sin tener en cuenta los costes de los enlaces",,"4,2,5,3,1","2","6","33.6","25.6","4","0,0,0,1,1","3.85","5","5","6","0","5","9","1","4","0,4,3,4,2,4,0,3,1,3","16.5"
"2230","23","1","15","147.156.150.29","l35","1581419040",NULL,"30","100","7","18","0","BIG DATA","4","203","0","41","1","6","100","100","118,149,323,66,239,84","60","360",NULL,"800","220","50","5","1","2","10","80","3","1473.5","COLOCARME A LA MITAD DE DOS TRIÁNGULOS O CÍRCULOS Y ASÍ GENERAR BENEFICIOS DE INTERMEDIARIO.","ASOCIARSE CON LOS TRIÁNGULOS QUE ESTABAN CERCANOS A ELLOS Y SI ERA POSIBLE QUEDANDO A LA MITAD DE ELLOS.","PODRÍA HABER SIDO UN JUEGO MÁS INTUITIVO Y MENOS LIOSO EN EL QUE TODO SE VIERA MEJOR.","5,3,4,2,1","3","6","40.2","19.8","5","0,0,0,1,1","3.85","5","1","6","1","5","5","1","5","3,4,2,4,2,4,0,3,0,4","16.9"
"2251","23","1","16","150.128.49.2","c22","1581419065",NULL,"30","100","7","20","1","Traducción e Interpretación","4","203","0","41","1","6","100","100","118,149,323,66,239,84","60","360",NULL,"800","220","50","5","8","2","10","80","3","1486.3","Mi estrategia era intentar hacer las menos conexiones posibles, ya que eran puntos negativos.","No lo se",,"3,4,1,2,5","3","6","34.8","25.2","3","0,0,0,0,0","1.6","5","6","6","0","2","4","2","1","3,0,1,2,0,3,0,3,4,3","14.2"
"2282","23","1","17","150.128.49.2","c14","1581419129",NULL,"30","100","7","36","1",,"3","203","0","41","3","6","100","100","118,149,323,66,239,84","60","360",NULL,"800","220","50","5","5","2","10","80","3","946.8","tener las suficientes relaciones para ganar puntos, pero desvincularme de otros si veía que tenía demasiados, ya que me restaba puntos al estar muy vinculado","supongo que estrategias de todo tipo, desde ir clicando aleatoriamente, hasta relacionarse al máximo posible",,"5,2,4,3,1","5","6","30","30","4","0,0,0,0,1","2","5","1","6","1","5","4","1","4","4,4,1,3,4,3,3,4,1,4","12.4"
"2233","23","1","18","147.156.150.10","l14","1581419042",NULL,"30","100","7","19","1",,"4","203","5","41","1","6","100","100","118,149,323,66,239,84","60","360",NULL,"800","220","50","5","3","2","10","80","3","1568.4","Hacer una única estrategia.","Hacer una única estrategia.",,"4,3,2,1,5","1","6","30","30","1","0,1,1,1,1","1.6","5","5","6","1","5","5","1","6","1,4,3,0,2,4,4,2,1,3","15"
"2248","23","1","19","150.128.49.2","c44","1581419062",NULL,"30","100","7","21","1",,"4","203","0","41","1","6","100","100","118,149,323,66,239,84","60","360",NULL,"800","220","50","5","1","2","10","80","3","1548.2","Asociarse a algun nodo con muchos enlaces.","Ser el centro de muchos nodos y que estén conectados a él.",,"1,4,3,2,5","5","6","61.2","19.6","2","0,0,1,1,1","1.6","5","6","6","0","5","5","8","3","1,4,3,1,3,3,1,4,2,2","15.3"
"2271","23","1","20","150.128.49.2","c18","1581419103",NULL,"30","100","7","19","0",,"4","203","0","41","1","6","100","100","118,149,323,66,239,84","60","360",NULL,"800","220","50","5","6","2","10","80","3","315.7","Conectarme lo justo con quien creo que me puede interesar","conectarse todo lo que podian y esperar",,"4,2,1,3,5","3","6","30","30","4","0,0,0,1,1","3.85","5","1","6","1","1","4","1","3","2,4,3,2,2,3,0,3,4,4","11.3"
"2299","23","1","21","150.128.49.2","c50","1581419168",NULL,"30","100","7","20","1","Economía","4","203","0","41","0","6","100","100","118,149,323,66,239,84","60","360",NULL,"800","220","50","5","9","2","10","80","3","1390.9","Hacer pocos enlaces, máximo 3 y una vez el beneficio fluctuara poco, mantenerme","Enlazarse con muchos nodos distintos",,"5,1,4,2,3","3","6","30","30","4","0,0,0,0,1","2","5","6","6","1","5","4","8","3","3,3,2,2,0,2,3,3,2,2","14.3"
"2254","23","1","22","150.128.49.2","c43","1581419069",NULL,"30","100","7","20","1",,"1","203","0","41","4","6","100","100","118,149,323,66,239,84","60","360",NULL,"800","220","50","5","5","2","10","80","3","1549.1","Conservar entre una y dos relaciones que me dieran el máximo de puntos posibles.","Establecer más de dos relaciones o,incluso muchas de ellas.",,"1,2,3,4,5","4","6","36","48","4","0,0,0,1,1","0.1","5","5","6","0","5","4","1","4","1,4,4,3,2,4,0,3,1,3","13.4"
"2284","23","1","23","150.128.49.2","c34","1581419131",NULL,"30","100","7","19","1","Ingeniería","4","203","0","41","4","6","100","100","118,149,323,66,239,84","60","360",NULL,"800","220","50","5","5","2","10","80","3","1378.2","Intentar conectarme con los usuarios con más usuarios conectados a él.","Esperarse al último momento para conectarse a otros usuarios que les daría más beneficio, finalmente.",,"1,4,5,3,2","4","6","40.2","39.6","3","0,0,0,1,1","1.6","5","5","6","4","5","4","4","3","3,4,0,2,4,2,0,4,3,2","14.1"
"2291","23","1","24","150.128.49.2","c33","1581419146",NULL,"30","100","7","20","1","Jurídicas","4","203","0","41","4","6","100","100","118,149,323,66,239,84","60","360",NULL,"800","220","50","5","7","2","10","80","3","1814.6","observar qué ocurria si me unia a un lodo u otro","la misma u otras más o menos eficientes",,"4,1,2,5,3","1","6","40","0","3","0,0,1,1,1","0.1","5","5","6","1","4","1","9","3","4,4,2,4,1,2,1,3,1,3","14.6"
"2255","23","1","25","150.128.49.2","c06","1581419070",NULL,"30","100","7","18","1","Criminología","1","203","0","41","1","6","100","100","118,149,323,66,239,84","60","360",NULL,"800","220","50","5","6","2","10","80","3","1291.3","Asegurar las mínimas pérdidas posibles y mantener valores estables a lo largo de las rondas","Intentar conseguir el mayor número de conexiones posibles","No he entendido totalmente la dinámica del juego","2,1,3,5,4","4","6","40.2","39.6","4","0,0,1,1,1","3.85","5","6","6","1","6","4","8","2","3,4,1,3,1,1,0,4,3,3","15.8"
"2237","23","1","26","147.156.150.11","l15","1581419048",NULL,"30","100","7","22","1","ingeniería","4","203","0","41","1","6","100","100","118,149,323,66,239,84","60","360",NULL,"800","220","50","5","9","2","10","80","3","1307.7","conectarme a los que más puntos  tenían","la misma",,"3,4,5,1,2","2","6","2.4","150.4","2","0,0,1,1,1","2","5","5","6","1","5","4","1","5","2,4,3,1,1,2,1,3,3,3","13.6"
"2264","23","1","27","150.128.49.2","c40","1581419090",NULL,"30","100","7","61","1",,"2","203","0","41","1","6","100","100","118,149,323,66,239,84","60","360",NULL,"800","220","50","5","7","2","10","80","3","1007.5","no lo he llegado a entender","no lo se ouesto que no lo he entendido",,"2,3,5,1,4","5","6","99.6","6.8","3","0,1,1,1,1","0.1","5","4","1","2","5","1","9","1","3,3,0,1,0,0,0,0,1,0","11.8"
"2293","23","1","28","150.128.49.2","c52","1581419156",NULL,"30","100","7","22","1","psicologia","4","203","0","41","3","6","100","100","118,149,323,66,239,84","60","360",NULL,"800","220","50","5","5","2","10","80","3","1006.2","Intentaba asegurarme una conexión segura con un participante para tener beneficios seguros aunque fueran pocos.","Pienso que os demás participantes intentaban ganar más beneficio, intentando hacer muchas conexiones con los demás. Tendrían más coste en cuanto a las conexiones pero también mayores beneficios.","Me ha parecido un experimento un poco complicado porque me ha costado entender el proceso de como tener grandes beneficios. 
El hecho de que el dinero sea el incentivo, personalmente me pone más presión.","2,1,3,5,4","1","6","35.6","13.2","4","0,0,0,0,0","2","5","2","6","0","8","5","1","3","3,4,3,2,3,3,2,2,4,3","12.7"
"2246","23","1","29","150.128.49.2","c04","1581419060",NULL,"30","100","7","19","1",,"4","203","4","0","8","6","100","100","118,149,323,66,239,84","60","360",NULL,"800","220","50","5","7","2","10","80","3","968.7","Intentar conectarme con alguien que tuviese muchas conexiones","Enlazarse con alguien que tuviese muchas conexiones","Creo que este experimento, no ha sido bien preparado, porque no se sabía como ganar el máximo dinero","3,5,4,1,2","1","6","20.4","58.8","5","1,1,1,1,1","3.85","5","1","6","3","5","5","1","4","2,3,1,3,1,3,1,3,1,3","14.2"
"2223","23","1","30","147.156.150.33","l32","1581419028",NULL,"30","100","7","19","0","Ingeneria","4","203","0","41","0","6","100","100","118,149,323,66,239,84","60","360",NULL,"800","220","50","5","9","2","10","80","3","1900.7","Intentar ser el maximo proveedor, es decir , el nodo principal. O ser intermediaria entre el nodo principal y otros nodos con pocas ramas o ninguna","Lo de intentar ser el nodo principal si y lo otro también pero a lo mejor menos cvantidad de personas",,"2,5,3,4,1","2","6","32","32","5","0,0,0,0,1","3.85","5","5","6","1","5","4","1","5","3,4,4,4,1,3,1,3,2,3","18.7"
"2272","23","1","31","150.128.49.2","c38","1581419104",NULL,"30","100","7","18","1",,"1","203","0","41","0","6","100","100","118,149,323,66,239,84","60","360",NULL,"800","220","50","5","2","2","10","80","3","992.2","Intentar estar lo mas centrado posible en la pantalla","La misma que la mia",,"2,1,3,4,5","4","6","46.8","26.4","3","0,0,1,1,1","3.85","5","2","6","1","5","5","1","5","3,3,1,3,2,2,0,3,2,3","14.9"
"2224","23","1","32","147.156.150.6","l12","1581419030",NULL,"30","100","7","20","1","Económicas","4","107","0","17","4","6","100","100","118,149,323,66,239,84","60","360",NULL,"800","220","50","5","7","2","10","80","3","1396","Intentar establecer conexiones beneficiosas. Mantenía las conexiones que me parecían beneficiosas y me deshacía de las que me creaban mas coste que beneficio ","Mantener mas conexiones posibles",,"3,5,2,1,4","2","6","32","32","1","0,0,0,0,1","1.6","5","5","6","1","5","4","8","4","4,4,1,1,1,4,1,2,0,3","14.1"
"2212","23","1","33","147.156.150.52","l74","1581419003",NULL,"30","100","7","21","1","ade","4","203","0","41","1","6","100","100","118,149,323,66,239,84","60","360",NULL,"800","220","50","5","8","2","10","80","3","1384","maximizar mis puntos mientras probaba más conexiones","conseguir las máximas conexiones",,"5,1,2,3,4","5","6","80.4","13.2","1","0,0,1,1,1","1.6","5","5","6","1","9","4","9","3","3,4,1,1,2,3,0,3,2,3","14.9"
"2296","23","1","34","150.128.49.2","c45","1581419162",NULL,"30","100","7","18","0","Economia","4","203","0","41","4","6","100","100","118,149,323,66,239,84","60","360",NULL,"800","220","50","5","9","2","10","80","3","1157","buscar triangulos alejados entre ellos y buscar los tringulos conectados a circulos con mas conexiones","buscar el triangulo con mas conexiones","va un poco lento","2,3,4,1,5","5","6","120","0","4","0,0,0,0,1","2","5","6","5","2","5","5","1","3","1,3,4,4,0,3,2,2,1,4","15"
"2270","23","1","35","150.128.49.2","c26","1581419101",NULL,"30","100","7","21","0","Psicología","4","203","0","41","0","6","100","100","118,149,323,66,239,84","60","360",NULL,"800","220","50","5","4","2","10","80","3","1513.4","Conectarme con aquel círculo que tuviera más conexiones.","Al final del experimento, la misma que yo. Pero en general, eran muy aleatorios.",,"3,1,2,5,4","3","6","30","30","4","0,0,0,0,1","2","5","6","6","5","5","5","1","4","1,4,2,1,2,3,0,3,3,2","14.9"
"2258","23","1","36","147.156.150.51","l65","1581419079",NULL,"30","100","7","20","0",,"4","203","0","41","1","6","100","100","118,149,323,66,239,84","60","360",NULL,"800","220","50","5","6","2","10","80","3","1179.1","unirme al que mas puntos tenia ","algunos la misma otros fueron mas listos y lo entendieron bien",,"1,5,3,2,4","5","6","120","0","1","0,0,0,0,0","1.6","5","6","6","3","5","4","8","2","2,4,4,4,3,4,0,1,1,2","14.6"
"2238","23","1","37","147.156.150.20","l37","1581419049",NULL,"30","100","7","21","0","economia","1","203","0","41","1","6","100","100","118,149,323,66,239,84","60","360",NULL,"800","220","50","5","4","2","10","80","3","1214.3","no tenia, no lo he entendido","clicar cuanto más rapido mejor ","no se entiende el juego ","4,2,1,5,3","3","6","60","0","3","0,1,1,1,1","0.1","5","2","6","1","5","5","1","5","1,2,1,1,1,3,3,1,2,2","12.4"
"2279","23","1","38","150.128.49.2","c15","1581419122",NULL,"30","100","7","21","0","Psicología","4","203","0","41","0","6","100","100","118,149,323,66,239,84","60","360",NULL,"800","220","50","5","6","2","10","80","3","880.5","Conectar los nodos centrales con los de la periferia.","La misma y otros ser los nodos centrales.",,"5,2,4,1,3","3","6","49.8","10.2","4","0,0,1,1,1","3.85","5","5","6","1","5","4","8","4","2,4,3,4,1,2,1,2,0,3","14.4"
"2222","23","1","39","147.156.150.7","l11","1581419024",NULL,"30","100","7","23","0",,"5","203","0","41","1","6","100","100","118,149,323,66,239,84","60","360",NULL,"800","220","50","5","5","2","10","80","3","435.7","Aliarme con los circulos cercanos que tenian muchas redes de contacto cercanas ","Conectar con el mayor numero de redes posibles ",,"3,5,4,2,1","2","6","40","0","2","0,0,0,0,0","1.6","5","6","6","1","5","4","8","3","3,4,0,1,1,4,0,2,1,3","9.8"
"2221","23","1","40","147.156.150.35","l48","1581419024",NULL,"30","100","7","22","0","Ingeniería","4","203","0","41","4","6","100","100","118,149,323,66,239,84","60","360",NULL,"800","220","50","5","4","2","10","80","3","1126.1","Al comienzo hacer muchas proposiciones para intentar ser un nodo central y cuando las pérdidas eran notables deshacer conexiones buscando quedarme con las mínimas que me diesen más puntos","Al principio la mayoría busca hacer conexiones para tener una posición central y al final quedarse solo con el que más conexiones tiene",,"2,4,3,5,1","1","6","29.6","31.2","4","0,0,1,1,1","0.1","5","5","6","1","5","4","1","5","2,3,3,4,1,1,0,3,3,4","11.4"
"2211","23","1","41","147.156.150.24","l44","1581419003",NULL,"30","100","7","19","1",,"1","203","0","41","3","6","100","100","118,149,323,66,239,84","60","360",NULL,"800","220","50","5","7","2","10","80","3","12197.4","Crear conexiones con todo el mundo en los 3 primero minutos, y una vez pedidas todas, moverme cerca de ellos para que me aceptaran","pensar que conexiones les salian mas rentables","me ha parecido muy divertido","3,4,1,2,5","2","6","0","160","3","0,0,0,0,0","2","5","2","6","1","8","5","9","3","3,4,1,1,4,1,1,3,3,4","62.8"
"2236","23","1","42","147.156.150.17","l23","1581419046",NULL,"30","100","7","24","1","Ciencias","4","203","0","41","4","6","100","100","118,149,323,66,239,84","60","360",NULL,"800","220","50","5","3","2","10","80","3","1571.9","Unirme al que más puntos tenía","Unirse a muchos de primeras, sino, la misma",,"2,1,4,5,3","5","6","99.6","6.8","3","0,0,0,1,1","1.6","5","5","6","1","5","5","1","6","1,4,3,1,4,4,1,3,3,1","16.4"
"2225","23","1","43","147.156.150.56","l71","1581419030",NULL,"30","100","7","18","1",,"1","203","0","41","1","6","100","100","118,149,323,66,239,84","60","360",NULL,"800","220","50","5","3","2","10","80","3","1220","Mi estrategia consistía en esperar al nodo que más puntuación obtuviera y finalmente conectarme a él.","En mi opinión, la gran mayoría hacia lo mismo, ya que todos buscamos obtener la mayor puntuación posible sin arriesgar más de la cuenta.",,"3,1,4,2,5","1","6","17.2","68.4","5","0,0,1,1,1","3.85","5","5","6","2","5","5","1","5","1,4,1,1,0,3,0,1,2,3","15.3"
"2294","23","1","44","150.128.49.2","c49","1581419159",NULL,"30","100","7","22","1","Medicina","4","203","0","41","4","6","100","100","118,149,323,66,239,84","60","360",NULL,"800","220","50","5","8","2","10","80","3","1446.5","Conectarme con aquellas personas que tuvieran muchas conexiones, y que dichas conexiones no tuvieran muchas conexiones ","No lo sé pero por lo que he visto creo que conectarse con alguien que tuviera muchas conexiones ya que en varios casos se veía claramente como iban casi todos a la misma persona",,"2,4,1,3,5","1","6","30","30","4","0,0,0,0,0","2","5","6","6","0","5","5","1","4","1,4,2,3,2,4,1,3,1,2","14.6"
"2228","23","1","45","147.156.150.9","l13","1581419036",NULL,"30","100","7","22","1","Derecho. Ciencias jurídicas.","4","203","0","41","4","6","100","100","118,149,323,66,239,84","60","360",NULL,"800","220","50","5","4","2","10","80","3","802.7","Ir cambiando y combinando nexos hasta descubrir con cuál de ellos me aumentaba o me disminuía la puntuación.Ver si mi puntuación aumentaba al seleccionar otro nexo con puntuación positiva o en caso contrario, aumentaba al seleccionar uno con puntuación negativa.","La inmensa mayoría, bajo mi punto de vista seleccionaba al azar con el transcurso del tiempo.","Bajo mi punto de vista, debería explicarse de forma más pausada las instrucciones así como los ejemplos, ya que se trata de un experimento ""complejo"" de entender.","1,4,2,5,3","1","6","29.6","31.2","3","0,0,0,1,1","1.6","5","5","6","1","5","4","1","5","2,4,0,0,2,3,0,4,4,2","11.4"
"2298","23","1","46","150.128.49.2","c46","1581419168",NULL,"30","100","7","51","0","derecho","3","47","2","41","4","6","100","100","118,149,323,66,239,84","60","360",NULL,"800","220","50","5","3","2","10","80","3","944.2","mayor conexiones","mayores conexiones",,"5,1,2,3,4","3","6","31.2","28.8","5","0,0,0,0,1","3.85","5","6","4","1","5","5","1","4","4,4,0,3,0,3,0,3,0,3","14.2"
"2213","23","1","47","147.156.150.27","l45","1581419008",NULL,"30","100","7","21","1","Biotecnología","4","203","0","41","1","6","100","100","118,149,323,66,239,84","60","360",NULL,"800","220","50","5","1","2","10","80","3","1083.2","Realizar el menor número de enlaces que me produjeran los mayores beneficios","Mantener la puntuación elevada sin probar otros enlaces que pudiesen ser más beneficiosos",,"3,1,4,5,2","4","6","40.2","39.6","4","0,0,0,1,1","0.1","5","5","6","1","5","4","8","4","3,4,1,3,0,3,0,4,1,4","11.4"
"2287","23","1","48","150.128.49.2","c55","1581419137",NULL,"30","100","7","22","0","Magisterio","4","203","0","41","1","6","100","100","118,149,323,66,239,84","60","360",NULL,"800","220","50","5","5","2","10","80","3","1253.4","Ir comprobando diferentes estrategias y escoger la mejor.","Enlazarse con cualquiera.","Muy lioso.","5,3,2,4,1","4","6","29.4","61.2","5","0,0,0,0,0","2","5","5","6","2","7","1","9","2","1,2,3,4,2,3,2,1,2,3","13.5"
"2218","23","1","49","147.156.150.38","l47","1581419017",NULL,"30","100","7","18","1",,"1","203","0","41","0","6","100","100","118,149,323,66,239,84","60","360",NULL,"800","220","50","5","8","2","10","80","3","1572.9","Asegurar puntos en todo momento enlazándome con los que más enlaces directos tenían.","Al principio intentar conseguir enlaces o esperar a ver quien era el que más enlaces tenía para enlazarse a él.",,"1,2,4,3,5","2","6","32.8","28.8","3","0,0,0,1,1","1.6","5","6","6","1","5","5","1","5","1,3,3,1,0,3,0,1,0,2","15"
"2278","23","1","50","150.128.49.2","c36","1581419118",NULL,"30","100","7","20","0","Economía","1","203","2","41","1","6","100","100","118,149,323,66,239,84","60","360",NULL,"800","220","50","5","3","2","10","80","3","1554.8","Intentar ser el nodo más grande, si no podía, unirme a este e intentar unir a nodos separados.","Prácticamente la misma opino.","En mi opinión hay demasiada gente y es difícil de visualizar a quién estás conectado y se hace demasiado pesado ir buscando uno a uno para poder eliminar el enlace. Quizá podría existir un botón de eliminar todos los enlaces, sería bastante útil, en mi opinión.","5,2,3,1,4","1","6","39.6","1.2","4","0,0,1,1,1","3.85","5","5","6","1","5","4","1","5","2,3,3,3,2,3,1,2,1,1","17.3"
"2292","23","1","51","150.128.49.2","c53","1581419150",NULL,"30","100","7","22","0","Psicología","4","203","0","41","1","6","100","100","118,149,323,66,239,84","60","360",NULL,"800","220","50","5","1","2","10","80","3","620","Intentar establecer relaciones cuando estas valian menos e intentar mantenerme cuando las rentas eran altas","Algunos pinchaban al azar, otros buscaban las cercanas... estrategia similares a la mía","estoy bastante más cansado de lo habitual","5,1,3,2,4","1","6","5.2","104.4","1","0,0,0,0,1","1.6","5","5","6","1","5","5","9","5","3,3,2,2,1,4,1,3,3,4","10.2"
"2235","23","1","52","150.128.49.2","c01","1581419045",NULL,"30","100","7","22","0","Ingeniería","1","203","0","41","1","6","100","100","118,149,323,66,239,84","60","360",NULL,"800","220","50","5","3","2","10","80","3","1547.2","Primero descubrir que daba más rentabilidad, y en las posteriores rondas ir testeando si era más rentable realizar muchas conexiones, o pocas, y observando que me daba más puntos si alguien unido a mucha gente o alguien con poca.","La mayoría supongo que habrá seguido mis pasos. Unos pocos han conseguido ser mediadores de la mayoría de pelotas, mientras que otros pocos no parecía que participasen en el experimento quedando ausentes durante cada ronda.","Ojala hubieran habido más rondas para seguir perfeccionando la mejor estrategia a seguir.","4,3,2,5,1","1","6","0","120","3","0,0,0,1,1","1.6","5","6","6","1","5","5","1","5","1,4,2,3,3,3,1,3,0,3","14.2"
"2247","23","1","53","147.156.150.48","l63","1581419061",NULL,"30","100","7","29","1","economia","4","203","0","41","1","6","100","100","118,149,323,66,239,84","60","360",NULL,"800","220","50","5","5","2","10","80","3","767","unirme a los de mayor punto que me habian hecho propuesta","unirse a los de mayor punto","al principio para mi fue un poco de lio, creo que deberian dar una par de ejemplos más antes de comenzar.","5,2,4,1,3","3","6","60","0","2","0,0,0,1,1","1.6","5","6","6","1","5","4","1","4","0,4,3,0,1,4,1,1,4,3","11.8"
"2209","23","1","54","147.156.150.42","l55","1581418998",NULL,"30","100","7","19","1","Turismo","4","180","0","30","9","6","100","100","118,149,323,66,239,84","60","360",NULL,"800","220","50","5","1","2","10","80","3","1197.2","Unirme a los que conectaban conmigo","No lo se",,"2,4,5,3,1","3","6","49.8","10.2","5","0,0,0,1,1","3.85","5","3","3","5","8","5","9","1","2,4,3,2,1,4,1,3,3,3","15.5"
"2201","23","1","55","147.156.150.26","l41","1581418984",NULL,"30","100","7","19","1","Periodismo","4","203","0","41","1","6","100","100","118,149,323,66,239,84","60","360",NULL,"800","220","50","5","8","2","10","80","3","1430.1","Cuando hacía muchas conexiones no podía estar pendiente de cuáles me beneficiaban realmente, así que mantenía solo las que de verdad me convenían, aunque fueran dos.","Había gente que hacía muchos nodos y conexiones, supongo que muchos emplearon la del cuanto más mejor.",,"5,1,3,4,2","4","6","40.2","39.6","3","0,0,0,1,1","2","5","5","6","0","2","1","9","2","0,3,3,3,0,3,1,3,1,3","14.7"
"2281","23","1","56","150.128.49.2","c35","1581419125",NULL,"30","100","7","23","0","ADE","4","203","0","41","1","6","100","100","118,149,323,66,239,84","60","360",NULL,"800","220","50","5","3","2","10","80","3","1453.4","Intentar tener conexiones con nodos donde no tenia relación.","Muy variada, pero en general el de tener las máximas conexiones.","Experimento interesante.","2,3,4,5,1","4","6","49.8","20.4","3","0,0,0,1,1","1.6","5","6","6","2","5","4","9","2","3,3,0,3,1,4,0,3,1,3","14.5"
"2217","23","1","57","147.156.150.58","l73","1581419013",NULL,"30","100","7","21","1","Humanidades","4","203","0","41","0","6","100","100","118,149,323,66,239,84","60","360",NULL,"800","220","50","5","7","2","10","80","3","1615.8","Intentar enlazar con los ID periféricos y con menos conexiones y evitar aquellos más poblados.","Uno o dos convertirse en el epicentro, los demás sdeguirles la corriente por inercia. ",,"4,5,1,2,3","4","6","60","0","3","0,0,1,1,1","0.1","5","5","6","0","2","4","9","2","3,4,1,1,0,3,1,4,3,4","13.9"
"2266","23","1","58","150.128.49.2","c19","1581419094",NULL,"30","100","7","22","1","Psicología","4","203","0","41","1","6","100","100","118,149,323,66,239,84","60","360",NULL,"800","220","50","5","8","2","10","80","3","1348.6","Ir probando distintos enlaces y deshacerlos si te hace perder más dinero que el que ganas","Supongo que lo mismo",,"5,3,2,1,4","4","6","40.2","39.6","5","0,0,0,1,1","0.1","5","6","6","1","2","4","9","2","1,4,2,1,0,3,1,3,2,4","12.4"
"2231","23","1","59","147.156.150.50","l61","1581419040",NULL,"30","100","7","58","0",,"8","203","0","41","12","6","100","100","118,149,323,66,239,84","60","360",NULL,"800","220","50","5","4","2","10","80","3","1276.9","intuición siguiendo las reglas","no lo se",,"5,1,4,3,2","4","6","41.4","37.2","1","0,0,0,1,1","1.6","5","6","6","0","5","5","9","3","3,4,2,2,0,1,1,2,2,4","13.7"
"2234","23","1","60","147.156.150.32","l36","1581419044",NULL,"30","100","7","18","0","Turismo","4","203","0","41","1","6","100","100","118,149,323,66,239,84","60","360",NULL,"800","220","50","5","2","2","10","80","3","1413.1","Ir probando conexiones y ver cuantos puntos ganaba.","Conectarse rapidamente.",,"1,4,2,5,3","3","6","30","30","1","0,0,1,1,1","1.6","5","6","6","3","5","4","9","2","0,3,4,2,0,4,1,1,2,4","13.9"
"2239","23","1","61","150.128.49.2","c02","1581419050",NULL,"30","100","7","35","1",,"4","203","0","41","0","6","100","100","118,149,323,66,239,84","60","360",NULL,"800","220","50","5","4","2","10","80","3","1660.9","intentar hacer enlaces con gente que tenia muchas conexiones, evaluando si la conexión era beneficiosa o no","Algunos optaron por conectar con un máximo de gente no interconectada. Otros conservadores, solo se unían al más fuerte","No me ha gustado la apariencia de la interfaz. Era imposible ver a todos los miembros en una única pantalla y ver las fichas que tenían a la vez. Para ver a todos a la vez perdías detalle. y los comandos para moverse alrededor de la pantalla hacían que perdieras tiempo y que incluso perdieras de vista tu propio punto.","1,2,3,5,4","3","6","30","30","3","0,0,0,0,1","2","5","5","6","1","5","4","1","5","2,3,2,2,1,3,1,4,3,4","15.7"
"2202","23","1","62","147.156.150.59","l76","1581418984",NULL,"30","100","7","18","0","Buisiness inteligence and analytics","4","203","0","41","1","6","100","100","118,149,323,66,239,84","60","360",NULL,"800","220","50","5","5","2","10","80","3","1128.8","Al principio de la ronda intentar crear muchas relaciones intentando ser el que tenia muchas en cada ronda, pero si no lo conseguía, quitaba las relaciones y simplemente me relacionaba con el grande ya que me aseguraba beneficios.","Algo similar a la mía, ya queal principio todo el mundo quería relacionarse pero a medida que pasaba el tiempo, la gente se iba conformando con relacionarse al poderoso.",,"1,2,4,5,3","4","6","39.6","40.8","2","0,0,0,1,1","1.6","5","2","6","0","5","5","1","4","4,3,4,1,4,2,2,3,2,0","13"
"2244","23","1","63","147.156.150.19","l25","1581419058",NULL,"30","100","7","19","1",,"4","203","2","41","1","6","100","100","118,149,323,66,239,84","60","360",NULL,"800","220","50","5","6","2","10","80","3","987","intentar no hacer muchas conexiones que no me subiesen los puntos","la misma",,"1,4,3,5,2","3","6","30","30","1","0,0,0,0,1","1.6","5","6","6","1","1","4","1","3","2,3,3,3,0,4,1,1,1,4","12"
"2220","23","1","64","147.156.150.31","l31","1581419023",NULL,"30","100","7","18","0","Administración y Dirección de Empresas","1","203","0","41","1","6","100","100","118,149,323,66,239,84","60","360",NULL,"800","220","50","5","7","2","10","80","3","1519.3","Intentar conectarme al mas fuerte y a uno muy debil.","Solicitar conexiones a todo el mundo o esperar a que saliese el mas fuerte y conectarse solo a el.",,"2,3,5,4,1","2","6","29.6","41.6","5","0,0,0,0,0","2","5","6","6","1","5","4","8","3","1,3,1,4,4,3,2,1,0,3","14.9"
"2249","23","1","65","147.156.150.21","l26","1581419063",NULL,"30","100","7","19","1","Psicología","1","203","0","41","1","6","100","100","118,149,323,66,239,84","60","360",NULL,"800","220","50","5","5","2","10","80","3","1124.6","Realizar enlaces con los que menos tenían","Realizar enlaces con los máximos posibles",,"3,4,1,2,5","3","6","49.8","10.2","3","0,0,0,0,1","1.6","5","5","6","1","8","4","8","3","4,4,2,1,1,1,1,2,2,3","13.1"
"2207","23","1","66","147.156.150.53","l75","1581418994",NULL,"30","100","7","18","0",,"4","203","0","41","1","6","100","100","118,149,323,66,239,84","60","360",NULL,"800","220","50","5","9","2","10","80","3","1615.6","Acercarme al circulo con más puntos y conexiones.","Algunos hacían la misma estrategia que yo, otros intentaban posicionarse al medio y otros simplemente no tenían estrategia.",,"4,3,1,2,5","3","6","60","0","1","0,0,1,1,1","2","5","5","6","1","5","5","1","6","4,4,3,3,4,0,2,1,3,3","16.2"
"2208","23","1","67","147.156.150.37","l43","1581418997",NULL,"30","100","7","20","0",,"4","203","0","41","0","6","100","100","118,149,323,66,239,84","60","360",NULL,"800","220","50","5","7","2","10","80","3","2627","Tratar de conseguir el mayor número de enlaces directos con gente con pocos enlaces, para conseguir una mayor ganancia.","Tratar de conseguir enlaces.",,"2,4,5,1,3","3","6","30","30","5","0,0,0,0,1","3.85","5","5","6","1","1","4","9","3","1,3,3,1,2,3,2,1,1,3","21.8"
"2265","23","1","68","150.128.49.2","c24","1581419090",NULL,"30","100","7","21","1","Derecho y economía","4","203","0","41","4","6","100","100","118,149,323,66,239,84","60","360",NULL,"800","220","50","5","1","2","10","80","3","1107.9","desconectarme de los valores negativos o muy altos.","la misma.",,"3,4,1,5,2","4","6","44.4","31.2","1","0,0,0,1,1","1.6","5","6","6","1","4","2","2","2","4,2,0,3,3,3,1,2,1,2","12.8"
"2285","23","1","69","150.128.49.2","c13","1581419134",NULL,"30","100","7","21","1","psicología","4","203","0","41","0","6","100","100","118,149,323,66,239,84","60","360",NULL,"800","220","50","5","3","2","10","80","3","1179.8","Enlazarme con pocos para no tener muchos costes, pero como van cambiando constantemente pienso que tampoco depende de mi","Enlazarse con los máximos posibles",,"4,5,2,3,1","4","6","49.8","20.4","3","0,0,1,1,1","0.1","5","6","6","3","1","4","1","2","4,4,1,0,1,3,1,4,4,4","11.7"
"2295","23","1","70","150.128.49.2","c51","1581419162",NULL,"30","100","7","19","1","FICO","4","203","0","41","1","6","100","100","118,149,323,66,239,84","60","360",NULL,"800","220","50","5","6","2","10","80","3","1209.4","Enlazarme con pocas personas y en el momento en el que obtenía pérdidas, buscar de qué individuo las obtenía y me desconectaba.","Enlazarse con el mayor número de personas",,"4,2,3,5,1","4","6","60","0","5","0,0,1,1,1","3.85","5","1","6","1","5","4","1","4","2,4,1,2,1,2,1,4,4,3","16"
"2273","23","1","71","150.128.49.2","c17","1581419109",NULL,"30","100","7","20","0","Ingeniería","4","203","0","41","0","6","100","100","118,149,323,66,239,84","60","360",NULL,"800","220","50","5","1","2","10","80","3","3031.7","Unirme con todos los posibles en las ultimas dos rondas","unirse a los grandes para correr menos riesgo","diferenciaría los que están conectados de los que no, no todos círculos","4,5,1,3,2","1","6","0","120","5","0,0,0,1,1","0.1","5","6","6","1","5","4","1","4","3,2,3,3,1,2,2,1,1,3","19.3"
"2243","23","1","72","150.128.49.2","c03","1581419055",NULL,"30","100","7","22","0","Ciencias Experimentales","4","203","0","41","1","6","100","100","118,149,323,66,239,84","60","360",NULL,"800","220","50","5","6","2","10","80","3","1365.8","He seguido diversas estrategias según la ronda. Principalmente ser de enlacce entre diversos grupos.","Enlazar alocadamente.",,"1,4,3,5,2","5","6","120","0","1","0,0,1,1,1","1.6","5","6","6","0","5","9","9","2","2,4,1,4,1,0,0,3,0,4","15.5"
"2256","23","1","73","147.156.150.44","l64","1581419071",NULL,"30","100","7","20","1",,"4","203","0","41","0","6","100","100","118,149,323,66,239,84","60","360",NULL,"800","220","50","5","2","2","10","80","3","717.1","Ver qué enlaces eran más rentables","Darle a todo",,"5,1,2,3,4","4","6","43.2","33.6","2","0,0,0,0,1","1.6","5","5","6","1","5","4","8","4","1,3,1,2,1,2,1,4,3,3","11.2"
"2245","23","1","74","147.156.150.13","l17","1581419058",NULL,"30","100","7","18","0",,"1","203","0","41","3","6","100","100","118,149,323,66,239,84","60","360",NULL,"800","220","50","5","5","2","10","80","3","473.5","intentar hacer el maximo de conexiones","hacer una conexion solo",,"5,3,2,1,4","3","6","50.4","9.6","1","0,0,0,1,1","1.6","5","6","6","0","5","5","9","3","3,4,2,3,2,3,1,2,3,3","10.2"
"2215","23","1","75","147.156.150.47","l58","1581419012",NULL,"30","100","7","19","0","Economía","4","203","0","41","0","6","100","100","118,149,323,66,239,84","60","360",NULL,"800","220","50","5","5","2","10","80","3","880.2","Unirme con aquellos que tenían en mayor número de conexiones","la misma, o buscar el máximo número posible de conexiones",,"3,1,4,5,2","1","6","40","0","4","0,0,0,0,1","2","5","5","6","1","5","5","1","6","0,3,2,3,3,3,1,2,2,3","12.5"
"2276","23","1","76","150.128.49.2","c28","1581419116",NULL,"30","100","7","19","0","Ingeniería en tecnologías industriales","4","203","0","42","0","6","100","100","118,149,323,66,239,84","60","360",NULL,"800","220","50","5","6","2","10","80","3","1597","Hacer úicamente una conexión con el que más conexiones tuviese.","La misma.",,"5,3,2,4,1","1","6","23.2","50.4","5","0,0,1,1,1","3.85","5","6","5","0","5","5","1","3","3,4,2,2,3,4,1,3,3,3","17"
"2205","23","1","77","147.156.150.36","l42","1581418992",NULL,"30","100","7","18","0","Economía","4","203","0","41","1","6","100","100","118,149,323,66,239,84","60","360",NULL,"800","220","50","5","3","2","10","80","3","1766.5","Conectar un número de nodos no mayor a 2 para minimizar las pérdidas.","Conectar el máximo número de nodos posibles.",,"5,4,1,2,3","5","6","120","0","5","0,0,0,0,1","3.85","5","6","6","0","5","5","1","4","2,4,3,4,3,4,1,3,0,2","19.8"
"2242","23","1","78","147.156.150.23","l38","1581419053",NULL,"30","100","7","20","1",,"4","203","0","41","1","6","100","100","118,149,323,66,239,84","60","360",NULL,"800","220","50","5","9","2","10","80","3","1275.6","hacer numerosos enlaces","crear numerosos enlaces",,"3,1,2,5,4","5","6","69.6","16.8","3","0,0,0,1,1","2","5","6","1","4","5","4","1","2","1,4,3,1,3,4,2,3,3,3","14.4"
"2229","23","1","79","147.156.150.15","l21","1581419036",NULL,"30","100","7","19","1",,"1","203","0","41","0","6","100","100","118,149,323,66,239,84","60","360",NULL,"800","220","50","5","3","2","10","80","3","1507.3","conectarme a quien mas conexiones tuviera","la misma ",,"4,1,2,5,3","4","6","45.6","28.8","2","0,0,0,1,1","1.6","5","6","1","2","5","4","1","2","3,4,4,3,4,2,2,3,4,2","14.7"
"2232","23","1","80","147.156.150.16","l22","1581419041",NULL,"30","100","7","20","0","geografía","4","203","0","41","0","6","100","100","118,149,323,66,239,84","60","360",NULL,"800","220","50","5","5","2","10","80","3","1430.1","unirme a los extremos","ninguna, aleatoria",,"3,4,5,2,1","2","6","6.8","132.8","1","0,0,0,0,1","1.6","5","3","6","4","6","1","2","1","0,2,3,2,2,3,1,3,2,4","13.5"
"2219","23","1","81","147.156.150.57","l72","1581419021",NULL,"30","100","7","20","1","Medicina","4","203","0","41","1","6","100","100","118,149,323,66,239,84","60","360",NULL,"800","220","50","5","8","2","10","80","3","964.3","Proponer las máximas conexiones durante el primer minuto y después ir tanteando.","Ir conectando y desconectando en función de sus ganancias para intentar mantenerse en positivo.",,"5,3,2,4,1","1","6","32.8","21.6","4","0,0,1,1,1","0.1","5","1","6","1","1","4","8","2","0,4,3,3,1,4,0,3,0,3","10.4"
"2289","23","1","82","150.128.49.2","c54","1581419143",NULL,"30","100","7","23","0","Educación primaria","8","203","0","41","1","6","100","100","118,149,323,66,239,84","60","360",NULL,"800","220","50","5","4","2","10","80","3","1059.4","Esperar a que me ofrecieran un enlace en un extremo.","Esperar a que yo me uniera a ellos.",,"3,4,5,1,2","5","6","54","22","2","0,0,0,1,1","1.6","5","6","6","1","5","5","9","4","1,4,0,1,1,4,2,2,4,4","13"
"2300","23","1","83","150.128.49.2","c47","1581419171",NULL,"30","100","7","30","0","Psicología","5","62","2","41","1","6","100","100","118,149,323,66,239,84","60","360",NULL,"800","220","50","5","9","2","10","80","3","1328.2","Esperar a ver que persona se localizaba en el centro y unirme a el o ella","la misma, exceptuando el del centro que con más conexiones más ganaba","Ninguno","1,3,4,2,5","3","6","30","30","3","0,0,1,1,1","0.1","5","5","6","1","5","5","1","6","3,4,0,3,2,3,1,4,3,4","12.4"
"2297","23","1","84","150.128.49.2","c48","1581419166",NULL,"30","100","7","54","1",,"0","203","0","41","1","6","100","100","118,149,323,66,239,84","60","360",NULL,"800","220","50","5","4","2","10","80","3","1402.9","cerca del mas puntuacion","la misma","interesante el experimento","4,3,1,5,2","2","6","35.6","17.6","4","1,1,1,1,1","3.85","5","6","6","2","5","5","8","3","4,4,3,3,0,2,0,4,4,3","16.3"
"2250","23","1","85","147.156.150.14","l18","1581419064",NULL,"30","100","7","20","0","Ingeniería","4","203","0","41","0","6","100","100","118,149,323,66,239,84","60","360",NULL,"800","220","50","5","9","2","10","80","3","611.6","F","F","Coger un periodo al azar es una medida muy desesperada.","1,5,2,3,4","1","6","0","120","4","0,0,0,1,1","3.85","5","3","2","2","4","4","8","0","3,3,2,4,2,2,2,2,0,2","11.7"
"2216","23","1","86","147.156.150.30","l46","1581419012",NULL,"30","100","7","21","0","Ingeniería Informática","4","203","0","41","1","6","100","100","118,149,323,66,239,84","60","360",NULL,"800","220","50","5","7","2","10","80","3","1453.6","intentaba ser un hub de conexiones y si no daba resultado pues intermediario entre los hubs y los que estaban en la periferia sin estar conectados a los nodos centrales","había gente que simplemente prefería tener 1 única conexión con el nodo central o centrales y mantener un valor seguro durante toda la ronda",,"3,5,4,2,1","2","6","34.8","20.8","1","0,0,1,1,1","1.6","5","3","6","1","5","5","1","5","3,3,4,3,0,3,1,1,1,3","14.5"
"2274","23","1","87","150.128.49.2","c27","1581419111",NULL,"30","100","7","48","1","tecnico superior comercio internacional","1","203","0","41","3","6","100","100","118,149,323,66,239,84","60","360",NULL,"800","220","50","5","4","2","10","80","3","845.3","pinchar para crear enlaces ","no lo se",,"4,1,3,2,5","5","6","66","18","3","0,0,1,1,1","3.85","5","3","3","1","2","5","1","3","2,4,3,4,4,2,0,3,3,4","14.4"
"2214","23","1","88","147.156.150.46","l57","1581419008",NULL,"30","100","7","20","1","Finanzas y contabilidad","4","180","0","30","0","6","100","100","118,149,323,66,239,84","60","360",NULL,"800","220","50","5","4","2","10","80","3","1481","Quedarme con los enlaces que mas puntos me generaban.","Creo que la mayoría teníamos la misma estrategia.",,"3,5,1,2,4","3","6","30","30","4","0,0,1,1,1","0.1","5","1","6","1","1","4","8","2","3,4,4,3,2,3,0,3,3,3","12.7"
"2226","23","1","89","147.156.150.34","l33","1581419031",NULL,"30","100","7","21","1","derecho-criminología","4","203","0","41","0","6","100","100","118,149,323,66,239,84","60","360",NULL,"800","220","50","5","1","2","10","80","3","1277.2","Establecer solo la conexión más beneficiosa para ir sumando puntos y eliminar las relaciones que me restaban. Calidad antes que cantidad","Establecer cuantas más relaciones posibles",,"3,2,5,4,1","2","6","35.6","17.6","1","0,0,0,1,1","1.6","5","5","6","1","1","1","9","3","1,3,3,4,2,4,1,4,3,3","13.6"
"2204","23","1","90","147.156.150.40","l53","1581418989",NULL,"30","100","7","21","0","Ingeniería","4","203","0","41","4","6","100","100","118,149,323,66,239,84","60","360",NULL,"800","220","50","5","2","2","10","80","3","1013.4","Mi estrategia fue conseguir el mayor número de enlaces al principio e intentar conectarme al nodo que más enlaces tenía (en el caso de que no fuese yo)... Pero no obtuve los resultados que esperaba","La misma que la mía o simplemente tener un enlace al nodo de mayor número de enlaces",,"2,5,4,1,3","5","6","120","0","5","0,1,1,1,1","3.85","5","5","6","1","5","4","9","4","1,4,4,1,2,4,2,2,1,4","16.4"
"2286","23","1","91","150.128.49.2","c31","1581419136",NULL,"30","100","7","19","1",,"1","203","0","41","3","6","100","100","118,149,323,66,239,84","60","360",NULL,"800","220","50","5","3","2","10","80","3","1271.1","Conectarme con los que tienen mas conexiones","Solicitar uniones",,"4,2,3,5,1","3","6","55.2","4.8","5","0,0,1,1,1","3.85","5","5","6","1","5","5","1","6","2,3,2,3,3,3,1,2,2,3","16.4"
"2206","23","1","92","147.156.150.41","l54","1581418993",NULL,"30","100","7","18","0","derecho","2","203","0","42","0","6","100","100","118,149,323,66,239,84","60","360",NULL,"800","220","50","5","5","2","10","80","3","1325.6","pegarme al usuario con más puntos ","o bien esa misma o bien apretar usuarios al azar","había problemas de conexión constantemente","3,4,2,5,1","3","6","20.4","39.6","5","0,0,0,1,1","3.85","5","5","6","1","1","1","8","3","1,4,3,4,0,4,0,3,0,2","15.7"
"2290","23","1","93","150.128.49.2","c12","1581419145",NULL,"30","100","7","49","1","Comunicacion","5","203","0","41","4","6","100","100","118,149,323,66,239,84","60","360",NULL,"800","220","50","5","5","2","10","80","3","1242.8","buscar el enlace con uno de los participante que me lleva a numerosos enlaces (poco enlaces pero con muchas conexiones. Encontrado ese compañeros no desconectarme e ir eliminando las conexiones de les que se unen a mi y me restan puntos","Unos ser el centro de las conexiones de los demás, otros estar lo más alejado posible de todo","A mi me ha constado entender la prueba","1,5,3,2,4","2","6","32.4","30.4","2","0,0,1,1,1","1.6","5","6","6","1","7","2","9","2","2,3,2,1,3,2,1,3,2,3","13.2"
"2277","23","1","94","150.128.49.2","c16","1581419117",NULL,"30","100","7","20","1","Criminologia","1","203","0","41","1","6","100","100","118,149,323,66,239,84","60","360",NULL,"800","220","50","5","1","2","10","80","3","1555.1","Intentar agruparme con la persona que mas enlaces tenia, e internat unirme a alguien que estuviera suelto","Intentar hacer muchas conexiones",,"1,3,4,2,5","4","6","40.2","39.6","1","0,0,0,1,1","1.6","5","6","6","1","5","5","1","5","0,3,3,1,4,4,1,1,3,0","15.1"
"2280","23","1","95","150.128.49.2","c29","1581419123",NULL,"30","100","7","20","0","Ingenieria informática","4","203","0","41","1","6","100","100","118,149,323,66,239,84","60","360",NULL,"800","220","50","5","2","2","10","80","3","952.9","Probar qué enlaces eran los más rentables","No he visto ningún patrón, algunosse conectaban con todos y ganaban muchos beneficios, otros hacian lo mismo y no conseguian nada, y otros se centraban en conectarse a pocos y mantenerse en beneficio","Las redes cambiaban demasiado deprisa como para seguir una estrategia, dependias más de los demás.","2,3,4,1,5","3","6","50.4","9.6","1","0,0,0,1,1","1.6","5","5","6","2","7","2","9","2","3,4,3,4,0,1,0,1,3,4","12.3"
"2252","23","1","96","150.128.49.2","c05","1581419065",NULL,"30","100","7","26","0","Economia","4","203","0","41","12","6","100","100","118,149,323,66,239,84","60","360",NULL,"800","220","50","5","6","2","10","80","3","1697","Realizar el máximo de conexiones posibles, pues quien se situaba en el centro de la red era el que mas ganaba.","Hacer muchas conexiones.",,"2,4,3,5,1","1","6","30","30","3","0,0,0,0,1","2","5","6","6","1","8","4","9","2","3,4,1,2,0,3,1,3,1,3","15.6"
"2288","23","1","97","150.128.49.2","c32","1581419141",NULL,"30","100","7","21","1","ingenieria","4","203","0","41","1","6","100","100","118,149,323,66,239,84","60","360",NULL,"800","220","50","5","8","2","10","80","3","1487.5","intentaba ser el nodo de conexion entres dos grandes grupos que no estuvieran conectados, o enlazaba a uno solo con todo un grupo.","observaba que muchos solo hacian un enlace con un gran grupo",,"5,1,4,2,3","4","6","60","0","5","0,0,0,1,1","3.85","5","5","6","4","8","8","9","2","2,3,4,3,0,2,1,3,3,4","17.1"
"2263","23","1","98","147.156.150.49","l66","1581419089",NULL,"30","100","7","22","1",,"5","203","0","41","3","6","100","100","118,149,323,66,239,84","60","360",NULL,"800","220","50","5","3","2","10","80","3","1201.7","mantenerme en una posición alrededor de los 100 puntos","esperarse al último momento para unirse a un nodo con gran poder",,"5,2,1,4,3","1","6","30.4","28.8","1","0,0,0,0,0","2","5","5","0","2","1","4","9","1","1,3,1,2,3,2,1,4,3,3","13.3"
"2259","23","1","99","150.128.49.2","c23","1581419082",NULL,"30","100","7","20","0",,"4","203","0","41","0","6","100","100","118,149,323,66,239,84","60","360",NULL,"800","220","50","5","8","2","10","80","3","1038.8","Intentar establecer enlaces para intentar ser el intermediario de otros enlaces","Intentar conseguir el mayor número de enlaces posibles para obtener un mayor beneficio",,"4,5,2,1,3","3","6","30","30","1","0,0,1,1,1","1.6","5","6","6","2","5","4","1","3","2,4,2,1,1,4,1,2,1,3","12.3"
"2283","23","1","100","150.128.49.2","c30","1581419129",NULL,"30","100","7","19","1","Ciéncias ","4","143","0","30","4","6","100","100","118,149,323,66,239,84","60","360",NULL,"800","220","50","5","9","2","10","80","3","1145.6","Observar y realizar las mínimas conexiones pero intentando hacer que muchos caminos cortos para llegar de un punto a otro teniendo que pasar por mi.","realizar una conexión de red muy grande, ya que había claramente 3 o 4 redes que predominaban",,"4,3,1,5,2","1","6","29.6","31.2","1","0,0,0,0,0","1.6","5","5","6","4","5","4","1","4","0,0,2,2,2,1,4,1,0,1","12.9"
